{"stats":{"minecraft:crafted":{"minecraft:cooked_chicken":1,"minecraft:furnace":1,"minecraft:cooked_mutton":8,"minecraft:glass":81,"minecraft:iron_boots":1,"minecraft:bow":2,"minecraft:iron_axe":4,"minecraft:stone_pickaxe":2,"minecraft:chest":8,"minecraft:birch_door":6,"minecraft:cooked_beef":6,"minecraft:crafting_table":2,"minecraft:wooden_pickaxe":1,"minecraft:iron_helmet":1,"minecraft:brown_dye":1,"minecraft:iron_sword":2,"minecraft:golden_shovel":3,"minecraft:gold_block":2,"minecraft:bucket":1,"minecraft:birch_planks":2284,"minecraft:stone_axe":3,"minecraft:air":0,"minecraft:iron_chestplate":1,"minecraft:shield":1,"minecraft:birch_fence":207,"minecraft:stick":140,"minecraft:iron_ingot":58,"minecraft:iron_pickaxe":1,"minecraft:stone_sword":1,"minecraft:iron_shovel":1,"minecraft:iron_leggings":1,"minecraft:gold_ingot":32,"minecraft:white_bed":1,"minecraft:birch_stairs":140,"minecraft:torch":16},"minecraft:dropped":{"minecraft:bread":3,"minecraft:iron_sword":2,"minecraft:birch_planks":344,"minecraft:wheat_seeds":2,"minecraft:oak_log":2,"minecraft:feather":4,"minecraft:glow_berries":1,"minecraft:leather":2,"minecraft:activator_rail":4,"minecraft:rail":1,"minecraft:dirt":1,"minecraft:torch":6,"minecraft:chain":1,"minecraft:iron_axe":2,"minecraft:iron_pickaxe":1,"minecraft:iron_shovel":1,"minecraft:bucket":1,"minecraft:stone_axe":1,"minecraft:stone_sword":1,"minecraft:birch_sapling":3,"minecraft:raw_iron":2,"minecraft:rotten_flesh":25,"minecraft:carrot":1,"minecraft:pumpkin_seeds":3,"minecraft:gunpowder":3,"minecraft:beetroot_seeds":4,"minecraft:oak_sapling":1,"minecraft:spider_eye":1,"minecraft:stone_pickaxe":2,"minecraft:calcite":15},"minecraft:killed_by":{"minecraft:player":1,"minecraft:creeper":1,"minecraft:spider":1,"minecraft:skeleton":4,"minecraft:zombie":3},"minecraft:custom":{"minecraft:mob_kills":95,"minecraft:interact_with_crafting_table":57,"minecraft:leave_game":4,"minecraft:time_since_death":11596,"minecraft:sprint_one_cm":813576,"minecraft:walk_one_cm":564999,"minecraft:damage_blocked_by_shield":874,"minecraft:drop":43,"minecraft:play_time":274869,"minecraft:deaths":17,"minecraft:sneak_time":28846,"minecraft:walk_under_water_one_cm":25985,"minecraft:boat_one_cm":33948,"minecraft:jump":5831,"minecraft:walk_on_water_one_cm":38459,"minecraft:total_world_time":274869,"minecraft:interact_with_furnace":114,"minecraft:sleep_in_bed":2,"minecraft:time_since_rest":11635,"minecraft:damage_taken":6318,"minecraft:damage_dealt":17981,"minecraft:swim_one_cm":65349,"minecraft:fly_one_cm":975324,"minecraft:open_chest":61,"minecraft:crouch_one_cm":109362,"minecraft:interact_with_smoker":13,"minecraft:fall_one_cm":141563},"minecraft:picked_up":{"minecraft:crafting_table":7,"minecraft:chicken":4,"minecraft:chest_minecart":2,"minecraft:gold_block":1,"minecraft:chain":1,"minecraft:amethyst_block":25,"minecraft:string":17,"minecraft:iron_axe":2,"minecraft:birch_fence":5,"minecraft:blackstone":17,"minecraft:activator_rail":4,"minecraft:gold_nugget":27,"minecraft:cobbled_deepslate":2,"minecraft:bucket":1,"minecraft:beef":6,"minecraft:calcite":19,"minecraft:iron_pickaxe":1,"minecraft:chest":3,"minecraft:birch_sapling":36,"minecraft:egg":1,"minecraft:furnace":6,"minecraft:stick":41,"minecraft:raw_iron":57,"minecraft:torch":7,"minecraft:porkchop":10,"minecraft:diorite":2,"minecraft:carrot":1,"minecraft:arrow":17,"minecraft:rotten_flesh":129,"minecraft:beetroot_seeds":4,"minecraft:nether_bricks":17,"minecraft:iron_block":1,"minecraft:gold_ingot":29,"minecraft:glow_berries":1,"minecraft:mutton":12,"minecraft:white_wool":14,"minecraft:rail":14,"minecraft:cobblestone":49,"minecraft:birch_log":576,"minecraft:feather":5,"minecraft:salmon":4,"minecraft:andesite":1,"minecraft:leather":7,"minecraft:smoker":2,"minecraft:potato":1,"minecraft:birch_planks":309,"minecraft:tuff":1,"minecraft:oak_log":2,"minecraft:ancient_debris":3,"minecraft:gunpowder":3,"minecraft:dirt":270,"minecraft:bone":26,"minecraft:bow":1,"minecraft:wheat_seeds":2,"minecraft:raw_gold":5,"minecraft:oak_planks":50,"minecraft:iron_sword":2,"minecraft:smooth_basalt":5,"minecraft:birch_boat":3,"minecraft:quartz":7,"minecraft:gravel":1,"minecraft:sand":101,"minecraft:birch_stairs":4,"minecraft:amethyst_shard":12,"minecraft:white_bed":2,"minecraft:grass_block":1,"minecraft:spider_eye":2,"minecraft:pumpkin_seeds":3,"minecraft:diamond":2,"minecraft:granite":8,"minecraft:netherrack":220,"minecraft:oak_sapling":1,"minecraft:coal":4},"minecraft:killed":{"minecraft:spider":6,"minecraft:horse":1,"minecraft:skeleton":12,"minecraft:chicken":3,"minecraft:wolf":1,"minecraft:pig":2,"minecraft:salmon":4,"minecraft:creeper":4,"minecraft:sheep":8,"minecraft:zombie":47,"minecraft:cow":3,"minecraft:enderman":1},"minecraft:broken":{"minecraft:golden_shovel":3,"minecraft:iron_axe":3,"minecraft:stone_axe":2,"minecraft:iron_sword":1,"minecraft:iron_pickaxe":1},"minecraft:used":{"minecraft:iron_shovel":231,"minecraft:chest":10,"minecraft:shield":33,"minecraft:iron_sword":435,"minecraft:netherrack":4,"minecraft:cooked_chicken":1,"minecraft:rotten_flesh":80,"minecraft:torch":28,"minecraft:dirt":152,"minecraft:mutton":5,"minecraft:nether_bricks":2,"minecraft:golden_shovel":96,"minecraft:granite":8,"minecraft:birch_door":4,"minecraft:glass":67,"minecraft:iron_axe":711,"minecraft:smooth_basalt":3,"minecraft:bow":4,"minecraft:furnace":7,"minecraft:cooked_beef":2,"minecraft:potato":1,"minecraft:cobbled_deepslate":1,"minecraft:cooked_mutton":8,"minecraft:water_bucket":23,"minecraft:birch_planks":1537,"minecraft:stone_pickaxe":61,"minecraft:oak_planks":2,"minecraft:birch_boat":1,"minecraft:wooden_pickaxe":32,"minecraft:salmon":4,"minecraft:glow_berries":5,"minecraft:sand":1,"minecraft:crafting_table":9,"minecraft:white_bed":3,"minecraft:smoker":1,"minecraft:birch_fence":144,"minecraft:iron_pickaxe":254,"minecraft:gravel":1,"minecraft:stone_axe":169,"minecraft:cobblestone":24,"minecraft:porkchop":10,"minecraft:birch_log":5,"minecraft:andesite":1,"minecraft:bucket":25,"minecraft:birch_stairs":52},"minecraft:mined":{"minecraft:large_amethyst_bud":3,"minecraft:tuff":1,"minecraft:white_bed":2,"minecraft:deepslate_diamond_ore":1,"minecraft:nether_bricks":14,"minecraft:granite":8,"minecraft:budding_amethyst":3,"minecraft:grass_block":189,"minecraft:furnace":2,"minecraft:fire":38,"minecraft:iron_ore":7,"minecraft:deepslate_iron_ore":34,"minecraft:stone":48,"minecraft:player_head":17,"minecraft:birch_stairs":4,"minecraft:blackstone":17,"minecraft:medium_amethyst_bud":1,"minecraft:amethyst_cluster":1,"minecraft:crafting_table":7,"minecraft:short_grass":11,"minecraft:calcite":17,"minecraft:chest":3,"minecraft:nether_quartz_ore":7,"minecraft:glass":1,"minecraft:deepslate_coal_ore":1,"minecraft:deepslate_gold_ore":5,"minecraft:oak_planks":26,"minecraft:wall_torch":1,"minecraft:amethyst_block":9,"minecraft:birch_planks":122,"minecraft:birch_log":522,"minecraft:birch_leaves":66,"minecraft:oak_log":3,"minecraft:coal_ore":3,"minecraft:sand":96,"minecraft:dirt":72,"minecraft:smooth_basalt":5,"minecraft:cobweb":1,"minecraft:netherrack":118,"minecraft:birch_fence":5,"minecraft:oak_leaves":23,"minecraft:deepslate":1}},"DataVersion":3839}