{"stats":{"minecraft:mined":{"minecraft:large_amethyst_bud":3,"minecraft:tuff":1,"minecraft:white_bed":2,"minecraft:deepslate_diamond_ore":1,"minecraft:nether_bricks":14,"minecraft:granite":8,"minecraft:budding_amethyst":3,"minecraft:grass_block":189,"minecraft:spruce_leaves":8,"minecraft:sandstone":2,"minecraft:furnace":4,"minecraft:iron_ore":41,"minecraft:fire":38,"minecraft:pointed_dripstone":1,"minecraft:deepslate_iron_ore":51,"minecraft:stone":60,"minecraft:player_head":20,"minecraft:birch_stairs":4,"minecraft:blackstone":17,"minecraft:medium_amethyst_bud":1,"minecraft:amethyst_cluster":1,"minecraft:crafting_table":13,"minecraft:torch":1,"minecraft:short_grass":20,"minecraft:calcite":17,"minecraft:poppy":1,"minecraft:chest":3,"minecraft:nether_quartz_ore":7,"minecraft:glass":1,"minecraft:deepslate_coal_ore":1,"minecraft:deepslate_gold_ore":6,"minecraft:lapis_ore":2,"minecraft:oak_planks":26,"minecraft:wall_torch":1,"minecraft:amethyst_block":9,"minecraft:birch_planks":123,"minecraft:birch_log":530,"minecraft:birch_leaves":66,"minecraft:coal_ore":33,"minecraft:oak_log":9,"minecraft:sand":105,"minecraft:dirt":74,"minecraft:cobweb":1,"minecraft:smooth_basalt":5,"minecraft:netherrack":129,"minecraft:gold_ore":3,"minecraft:oak_leaves":26,"minecraft:deepslate":3,"minecraft:birch_fence":5,"minecraft:fern":2},"minecraft:broken":{"minecraft:golden_shovel":3,"minecraft:iron_leggings":1,"minecraft:iron_axe":3,"minecraft:stone_axe":2,"minecraft:iron_sword":3,"minecraft:iron_pickaxe":1,"minecraft:iron_helmet":1},"minecraft:picked_up":{"minecraft:crafting_table":13,"minecraft:chicken":22,"minecraft:chest_minecart":2,"minecraft:gold_block":1,"minecraft:chain":1,"minecraft:amethyst_block":25,"minecraft:string":19,"minecraft:iron_axe":2,"minecraft:birch_fence":5,"minecraft:blackstone":17,"minecraft:activator_rail":4,"minecraft:gold_nugget":27,"minecraft:cobbled_deepslate":12,"minecraft:bucket":1,"minecraft:beef":19,"minecraft:calcite":19,"minecraft:iron_pickaxe":114,"minecraft:chest":3,"minecraft:birch_sapling":36,"minecraft:egg":2,"minecraft:furnace":8,"minecraft:stick":41,"minecraft:raw_iron":116,"minecraft:sandstone":2,"minecraft:torch":8,"minecraft:porkchop":40,"minecraft:diorite":2,"minecraft:carrot":1,"minecraft:brown_dye":1,"minecraft:arrow":44,"minecraft:rotten_flesh":162,"minecraft:beetroot_seeds":4,"minecraft:nether_bricks":17,"minecraft:iron_block":1,"minecraft:gold_ingot":29,"minecraft:glow_berries":1,"minecraft:mutton":36,"minecraft:rail":14,"minecraft:white_wool":27,"minecraft:cobblestone":56,"minecraft:birch_log":586,"minecraft:feather":23,"minecraft:glow_ink_sac":13,"minecraft:andesite":1,"minecraft:salmon":4,"minecraft:leather":13,"minecraft:smoker":2,"minecraft:potato":1,"minecraft:birch_planks":310,"minecraft:tuff":1,"minecraft:oak_log":8,"minecraft:ancient_debris":3,"minecraft:gunpowder":4,"minecraft:lapis_lazuli":14,"minecraft:dirt":272,"minecraft:bone":40,"minecraft:bow":2,"minecraft:wheat_seeds":3,"minecraft:raw_gold":10,"minecraft:iron_ingot":15,"minecraft:oak_planks":50,"minecraft:iron_sword":4,"minecraft:smooth_basalt":5,"minecraft:birch_boat":4,"minecraft:quartz":7,"minecraft:gravel":1,"minecraft:sand":110,"minecraft:birch_stairs":4,"minecraft:amethyst_shard":12,"minecraft:spruce_sapling":1,"minecraft:white_bed":2,"minecraft:grass_block":2,"minecraft:spider_eye":4,"minecraft:pumpkin_seeds":3,"minecraft:diamond":2,"minecraft:granite":8,"minecraft:gray_wool":1,"minecraft:black_wool":2,"minecraft:oak_sapling":1,"minecraft:netherrack":238,"minecraft:coal":34},"minecraft:dropped":{"minecraft:iron_ingot":19,"minecraft:bread":3,"minecraft:iron_sword":4,"minecraft:birch_planks":344,"minecraft:wheat_seeds":2,"minecraft:oak_log":2,"minecraft:glow_berries":1,"minecraft:feather":4,"minecraft:leather":2,"minecraft:activator_rail":4,"minecraft:rail":1,"minecraft:dirt":1,"minecraft:torch":6,"minecraft:chain":1,"minecraft:iron_axe":2,"minecraft:iron_pickaxe":3,"minecraft:iron_shovel":1,"minecraft:bucket":1,"minecraft:stone_axe":1,"minecraft:brown_dye":1,"minecraft:stone_sword":1,"minecraft:birch_sapling":3,"minecraft:raw_iron":2,"minecraft:rotten_flesh":27,"minecraft:carrot":1,"minecraft:pumpkin_seeds":3,"minecraft:gunpowder":3,"minecraft:beetroot_seeds":4,"minecraft:oak_sapling":1,"minecraft:spider_eye":1,"minecraft:stone_pickaxe":2,"minecraft:calcite":15,"minecraft:netherrack":9},"minecraft:used":{"minecraft:iron_shovel":231,"minecraft:chest":10,"minecraft:shield":76,"minecraft:iron_sword":808,"minecraft:cooked_chicken":1,"minecraft:rotten_flesh":135,"minecraft:netherrack":66,"minecraft:torch":51,"minecraft:dirt":159,"minecraft:mutton":6,"minecraft:nether_bricks":2,"minecraft:golden_shovel":96,"minecraft:granite":8,"minecraft:birch_door":4,"minecraft:glass":67,"minecraft:iron_axe":781,"minecraft:smooth_basalt":3,"minecraft:bow":15,"minecraft:beef":1,"minecraft:furnace":9,"minecraft:egg":1,"minecraft:cooked_beef":10,"minecraft:potato":1,"minecraft:cobbled_deepslate":1,"minecraft:cooked_mutton":8,"minecraft:water_bucket":32,"minecraft:birch_planks":1538,"minecraft:stone_pickaxe":61,"minecraft:oak_planks":2,"minecraft:wooden_pickaxe":32,"minecraft:birch_boat":3,"minecraft:sandstone":2,"minecraft:salmon":4,"minecraft:glow_berries":5,"minecraft:sand":10,"minecraft:crafting_table":15,"minecraft:white_bed":3,"minecraft:smoker":1,"minecraft:birch_fence":144,"minecraft:chicken":12,"minecraft:iron_pickaxe":374,"minecraft:gravel":1,"minecraft:stone_axe":169,"minecraft:fishing_rod":14,"minecraft:cobblestone":24,"minecraft:bucket":34,"minecraft:porkchop":10,"minecraft:andesite":1,"minecraft:birch_log":5,"minecraft:birch_stairs":52},"minecraft:killed_by":{"minecraft:player":1,"minecraft:creeper":1,"minecraft:spider":3,"minecraft:skeleton":5,"minecraft:zombie":3},"minecraft:crafted":{"minecraft:oak_planks":24,"minecraft:fishing_rod":1,"minecraft:birch_boat":2,"minecraft:cooked_chicken":1,"minecraft:furnace":2,"minecraft:cooked_mutton":8,"minecraft:glass":100,"minecraft:bow":2,"minecraft:iron_boots":2,"minecraft:iron_axe":4,"minecraft:stone_pickaxe":2,"minecraft:chest":8,"minecraft:birch_door":6,"minecraft:cooked_beef":10,"minecraft:crafting_table":4,"minecraft:wooden_pickaxe":1,"minecraft:iron_helmet":2,"minecraft:brown_dye":1,"minecraft:iron_sword":4,"minecraft:golden_shovel":3,"minecraft:gold_block":2,"minecraft:bucket":1,"minecraft:birch_planks":2324,"minecraft:stone_axe":3,"minecraft:air":0,"minecraft:oak_boat":1,"minecraft:iron_chestplate":2,"minecraft:shield":1,"minecraft:birch_fence":207,"minecraft:stick":168,"minecraft:iron_ingot":104,"minecraft:iron_pickaxe":2,"minecraft:stone_sword":1,"minecraft:iron_shovel":1,"minecraft:iron_leggings":2,"minecraft:gold_ingot":32,"minecraft:white_bed":1,"minecraft:torch":76,"minecraft:birch_stairs":140},"minecraft:killed":{"minecraft:spider":10,"minecraft:horse":1,"minecraft:skeleton":31,"minecraft:chicken":21,"minecraft:skeleton_horse":2,"minecraft:wolf":1,"minecraft:pig":16,"minecraft:salmon":4,"minecraft:creeper":6,"minecraft:sheep":24,"minecraft:zombie":79,"minecraft:glow_squid":1,"minecraft:cow":11,"minecraft:enderman":2},"minecraft:custom":{"minecraft:mob_kills":215,"minecraft:interact_with_crafting_table":80,"minecraft:leave_game":8,"minecraft:time_since_death":54718,"minecraft:sprint_one_cm":1334323,"minecraft:walk_one_cm":771972,"minecraft:damage_blocked_by_shield":2254,"minecraft:drop":72,"minecraft:play_time":425025,"minecraft:deaths":21,"minecraft:sneak_time":37726,"minecraft:walk_under_water_one_cm":35543,"minecraft:boat_one_cm":93318,"minecraft:jump":8549,"minecraft:interact_with_blast_furnace":1,"minecraft:walk_on_water_one_cm":86750,"minecraft:total_world_time":425025,"minecraft:interact_with_furnace":137,"minecraft:sleep_in_bed":3,"minecraft:time_since_rest":27333,"minecraft:damage_taken":9189,"minecraft:damage_dealt":34410,"minecraft:player_kills":1,"minecraft:swim_one_cm":80542,"minecraft:fly_one_cm":1482186,"minecraft:open_chest":91,"minecraft:crouch_one_cm":135699,"minecraft:interact_with_smoker":16,"minecraft:fall_one_cm":200045}},"DataVersion":3839}