{"stats":{"minecraft:mined":{"minecraft:tuff":4,"minecraft:soul_sand":1,"minecraft:nether_bricks":22,"minecraft:short_grass":54,"minecraft:soul_soil":4,"minecraft:tall_grass":5,"minecraft:deepslate_gold_ore":4,"minecraft:spawner":1,"minecraft:birch_planks":3,"minecraft:fire":1,"minecraft:nether_brick_fence":4,"minecraft:sand":1,"minecraft:netherrack":87,"minecraft:player_head":11,"minecraft:deepslate":11},"minecraft:picked_up":{"minecraft:feather":2,"minecraft:chicken":2,"minecraft:nether_brick_fence":2,"minecraft:diamond_sword":1,"minecraft:birch_planks":2,"minecraft:tuff":4,"minecraft:gunpowder":2,"minecraft:string":7,"minecraft:soul_soil":3,"minecraft:bone":15,"minecraft:bow":1,"minecraft:wheat_seeds":8,"minecraft:diamond_leggings":1,"minecraft:cobbled_deepslate":17,"minecraft:raw_gold":4,"minecraft:iron_ingot":26,"minecraft:iron_pickaxe":1,"minecraft:diamond_helmet":1,"minecraft:soul_sand":4,"minecraft:birch_boat":1,"minecraft:gravel":1,"minecraft:sand":1,"minecraft:diorite":2,"minecraft:spider_eye":3,"minecraft:diamond_chestplate":1,"minecraft:arrow":6,"minecraft:rotten_flesh":15,"minecraft:diamond":5,"minecraft:nether_bricks":25,"minecraft:diamond_boots":1,"minecraft:diamond_axe":1,"minecraft:gold_ingot":8,"minecraft:bread":34,"minecraft:blaze_rod":6,"minecraft:netherrack":75,"minecraft:coal":1,"minecraft:cobblestone":1,"minecraft:diamond_pickaxe":1},"minecraft:dropped":{"minecraft:bread":2,"minecraft:blaze_rod":6,"minecraft:rotten_flesh":1},"minecraft:used":{"minecraft:diorite":2,"minecraft:birch_planks":1,"minecraft:rotten_flesh":9,"minecraft:netherrack":41,"minecraft:sand":1,"minecraft:diamond_pickaxe":169,"minecraft:bread":23,"minecraft:iron_pickaxe":59,"minecraft:diamond_sword":176},"minecraft:killed_by":{"minecraft:player":1,"minecraft:spider":1,"minecraft:blaze":1,"minecraft:zombie":2},"minecraft:crafted":{"minecraft:iron_chestplate":1,"minecraft:iron_leggings":1},"minecraft:killed":{"minecraft:spider":5,"minecraft:creeper":1,"minecraft:skeleton":6,"minecraft:zombie":6,"minecraft:wither_skeleton":1,"minecraft:enderman":2,"minecraft:blaze":4},"minecraft:custom":{"minecraft:mob_kills":27,"minecraft:interact_with_crafting_table":3,"minecraft:leave_game":1,"minecraft:time_since_death":2048,"minecraft:time_since_rest":2620,"minecraft:sprint_one_cm":268552,"minecraft:damage_taken":4803,"minecraft:walk_one_cm":448469,"minecraft:drop":4,"minecraft:damage_dealt":5371,"minecraft:swim_one_cm":4127,"minecraft:fly_one_cm":123122,"minecraft:open_chest":2,"minecraft:crouch_one_cm":5459,"minecraft:play_time":101511,"minecraft:deaths":12,"minecraft:sneak_time":1535,"minecraft:walk_under_water_one_cm":5991,"minecraft:boat_one_cm":52089,"minecraft:jump":1477,"minecraft:walk_on_water_one_cm":46231,"minecraft:total_world_time":101511,"minecraft:fall_one_cm":34933}},"DataVersion":3839}