{"stats":{"minecraft:dropped":{"minecraft:porkchop":6,"minecraft:birch_planks":128,"minecraft:detector_rail":1,"minecraft:oak_log":1,"minecraft:stone_sword":1,"minecraft:birch_sapling":10,"minecraft:cooked_mutton":2,"minecraft:torch":1,"minecraft:melon_seeds":4,"minecraft:stone_pickaxe":1,"minecraft:white_wool":1},"minecraft:crafted":{"minecraft:red_dye":3,"minecraft:oak_planks":48,"minecraft:stone_shovel":1,"minecraft:cooked_porkchop":8,"minecraft:crafting_table":4,"minecraft:spruce_planks":24,"minecraft:wooden_pickaxe":1,"minecraft:iron_helmet":1,"minecraft:iron_sword":1,"minecraft:red_bed":1,"minecraft:furnace":1,"minecraft:red_wool":3,"minecraft:birch_planks":196,"minecraft:stone_axe":1,"minecraft:cooked_mutton":6,"minecraft:air":0,"minecraft:iron_boots":1,"minecraft:iron_chestplate":1,"minecraft:shield":1,"minecraft:iron_axe":1,"minecraft:stick":20,"minecraft:iron_ingot":33,"minecraft:stone_pickaxe":1,"minecraft:iron_leggings":1},"minecraft:killed_by":{"minecraft:skeleton":3,"minecraft:zombie":5},"minecraft:custom":{"minecraft:interact_with_furnace":25,"minecraft:mob_kills":28,"minecraft:interact_with_crafting_table":22,"minecraft:leave_game":1,"minecraft:time_since_death":38900,"minecraft:sleep_in_bed":1,"minecraft:time_since_rest":40751,"minecraft:sprint_one_cm":217318,"minecraft:damage_taken":4212,"minecraft:walk_one_cm":278509,"minecraft:drop":12,"minecraft:damage_dealt":3593,"minecraft:swim_one_cm":12606,"minecraft:fly_one_cm":139093,"minecraft:player_kills":1,"minecraft:open_chest":9,"minecraft:crouch_one_cm":12871,"minecraft:play_time":114164,"minecraft:deaths":10,"minecraft:sneak_time":3989,"minecraft:walk_under_water_one_cm":20890,"minecraft:jump":1405,"minecraft:walk_on_water_one_cm":22907,"minecraft:interact_with_smoker":8,"minecraft:total_world_time":114164,"minecraft:fall_one_cm":37801},"minecraft:picked_up":{"minecraft:birch_log":49,"minecraft:crafting_table":2,"minecraft:feather":2,"minecraft:chicken":1,"minecraft:chest_minecart":2,"minecraft:birch_planks":299,"minecraft:tuff":2,"minecraft:oak_log":34,"minecraft:chain":1,"minecraft:amethyst_block":5,"minecraft:dirt":76,"minecraft:string":4,"minecraft:iron_axe":1,"minecraft:cooked_mutton":4,"minecraft:bone":4,"minecraft:activator_rail":4,"minecraft:cobbled_deepslate":10,"minecraft:detector_rail":2,"minecraft:stone_pickaxe":4,"minecraft:calcite":4,"minecraft:poppy":3,"minecraft:light_gray_wool":1,"minecraft:birch_sapling":11,"minecraft:stick":11,"minecraft:raw_iron":28,"minecraft:smooth_basalt":2,"minecraft:oak_fence":2,"minecraft:torch":3,"minecraft:porkchop":9,"minecraft:amethyst_shard":4,"minecraft:diorite":2,"minecraft:spruce_log":6,"minecraft:carrot":3,"minecraft:spider_eye":4,"minecraft:stone_sword":3,"minecraft:pumpkin_seeds":3,"minecraft:rotten_flesh":59,"minecraft:beetroot_seeds":4,"minecraft:bread":3,"minecraft:melon_seeds":12,"minecraft:mutton":9,"minecraft:coal":20,"minecraft:white_wool":3,"minecraft:rail":13,"minecraft:cobblestone":68},"minecraft:killed":{"minecraft:pig":3,"minecraft:zombie_villager":2,"minecraft:spider":3,"minecraft:sheep":5,"minecraft:skeleton":2,"minecraft:zombie":11,"minecraft:chicken":1},"minecraft:mined":{"minecraft:large_amethyst_bud":1,"minecraft:amethyst_cluster":1,"minecraft:crafting_table":2,"minecraft:oak_fence":1,"minecraft:torch":1,"minecraft:short_grass":3,"minecraft:budding_amethyst":1,"minecraft:grass_block":34,"minecraft:calcite":5,"minecraft:poppy":3,"minecraft:cobblestone":2,"minecraft:diorite":1,"minecraft:wall_torch":1,"minecraft:amethyst_block":7,"minecraft:birch_planks":25,"minecraft:chain":1,"minecraft:birch_log":48,"minecraft:iron_ore":25,"minecraft:cobbled_deepslate":2,"minecraft:spruce_log":5,"minecraft:birch_leaves":8,"minecraft:oak_log":28,"minecraft:coal_ore":20,"minecraft:deepslate_iron_ore":2,"minecraft:rail":2,"minecraft:dirt":45,"minecraft:smooth_basalt":2,"minecraft:stone":64,"minecraft:player_head":9,"minecraft:oak_leaves":10,"minecraft:deepslate":13},"minecraft:used":{"minecraft:cooked_mutton":6,"minecraft:stone_sword":76,"minecraft:stone_shovel":17,"minecraft:birch_planks":236,"minecraft:stone_pickaxe":137,"minecraft:oak_planks":25,"minecraft:spruce_planks":2,"minecraft:wooden_pickaxe":28,"minecraft:iron_sword":49,"minecraft:rotten_flesh":7,"minecraft:torch":1,"minecraft:dirt":10,"minecraft:crafting_table":5,"minecraft:carrot":1,"minecraft:tuff":2,"minecraft:iron_axe":90,"minecraft:bread":3,"minecraft:stone_axe":43,"minecraft:cobblestone":41,"minecraft:furnace":1,"minecraft:cooked_porkchop":8,"minecraft:cobbled_deepslate":10}},"DataVersion":3839}