{"stats":{"minecraft:crafted":{"minecraft:oak_planks":16,"minecraft:crafting_table":6,"minecraft:spruce_planks":56,"minecraft:wooden_pickaxe":4,"minecraft:furnace":1,"minecraft:birch_planks":48,"minecraft:air":0,"minecraft:wooden_hoe":1,"minecraft:stick":24,"minecraft:iron_ingot":3,"minecraft:iron_pickaxe":1,"minecraft:stone_pickaxe":2,"minecraft:spruce_boat":1,"minecraft:torch":8},"minecraft:killed_by":{"minecraft:skeleton":2,"minecraft:zombie":2},"minecraft:custom":{"minecraft:interact_with_furnace":3,"minecraft:mob_kills":16,"minecraft:interact_with_crafting_table":9,"minecraft:leave_game":4,"minecraft:time_since_death":10782,"minecraft:time_since_rest":10827,"minecraft:sprint_one_cm":232660,"minecraft:damage_taken":1797,"minecraft:walk_one_cm":111964,"minecraft:damage_dealt":2046,"minecraft:swim_one_cm":114561,"minecraft:fly_one_cm":327662,"minecraft:open_chest":6,"minecraft:crouch_one_cm":15387,"minecraft:play_time":60695,"minecraft:deaths":5,"minecraft:sneak_time":5959,"minecraft:walk_under_water_one_cm":13999,"minecraft:boat_one_cm":61213,"minecraft:jump":1685,"minecraft:walk_on_water_one_cm":33150,"minecraft:total_world_time":60695,"minecraft:fall_one_cm":44558,"minecraft:horse_one_cm":3260},"minecraft:picked_up":{"minecraft:birch_log":12,"minecraft:crafting_table":5,"minecraft:andesite":21,"minecraft:leather":4,"minecraft:potato":1,"minecraft:flint":1,"minecraft:oak_log":4,"minecraft:lapis_lazuli":50,"minecraft:string":2,"minecraft:dirt":39,"minecraft:kelp":13,"minecraft:wheat_seeds":3,"minecraft:cobbled_deepslate":11,"minecraft:raw_gold":8,"minecraft:beef":12,"minecraft:sugar_cane":6,"minecraft:furnace":1,"minecraft:raw_iron":22,"minecraft:gravel":1,"minecraft:sand":1,"minecraft:porkchop":15,"minecraft:diorite":2,"minecraft:spruce_log":14,"minecraft:arrow":2,"minecraft:rotten_flesh":1,"minecraft:diamond":4,"minecraft:granite":8,"minecraft:mutton":1,"minecraft:coal":13,"minecraft:white_wool":1,"minecraft:cobblestone":75},"minecraft:killed":{"minecraft:pig":6,"minecraft:sheep":1,"minecraft:skeleton":1,"minecraft:zombie":2,"minecraft:cow":5},"minecraft:broken":{"minecraft:wooden_pickaxe":1},"minecraft:mined":{"minecraft:deepslate_diamond_ore":4,"minecraft:crafting_table":5,"minecraft:granite":7,"minecraft:short_grass":11,"minecraft:grass_block":29,"minecraft:spruce_leaves":2,"minecraft:lapis_ore":7,"minecraft:sugar_cane":2,"minecraft:diorite":2,"minecraft:spawner":1,"minecraft:furnace":1,"minecraft:birch_log":12,"minecraft:iron_ore":17,"minecraft:spruce_log":13,"minecraft:birch_leaves":2,"minecraft:andesite":18,"minecraft:coal_ore":13,"minecraft:oak_log":4,"minecraft:deepslate_iron_ore":4,"minecraft:gravel":2,"minecraft:sand":1,"minecraft:dirt":15,"minecraft:stone":74,"minecraft:gold_ore":7,"minecraft:player_head":3,"minecraft:oak_leaves":4,"minecraft:deepslate":11},"minecraft:used":{"minecraft:birch_planks":4,"minecraft:stone_pickaxe":135,"minecraft:spruce_planks":2,"minecraft:wooden_pickaxe":52,"minecraft:rotten_flesh":5,"minecraft:torch":7,"minecraft:dirt":16,"minecraft:sand":1,"minecraft:crafting_table":8,"minecraft:golden_shovel":28,"minecraft:spruce_boat":1,"minecraft:bread":2,"minecraft:iron_pickaxe":67,"minecraft:cobblestone":20,"minecraft:beef":5,"minecraft:furnace":1,"minecraft:porkchop":9,"minecraft:andesite":13,"minecraft:potato":1,"minecraft:cobbled_deepslate":4}},"DataVersion":3839}