{"stats":{"minecraft:mined":{"minecraft:tuff":8,"minecraft:spruce_planks":2,"minecraft:deepslate_diamond_ore":72,"minecraft:obsidian":2,"minecraft:nether_bricks":10,"minecraft:granite":7,"minecraft:grass_block":30,"minecraft:spruce_leaves":2,"minecraft:spawner":1,"minecraft:hay_block":64,"minecraft:furnace":2,"minecraft:iron_ore":33,"minecraft:fire":20,"minecraft:andesite":18,"minecraft:deepslate_lapis_ore":12,"minecraft:deepslate_iron_ore":7,"minecraft:pink_tulip":2,"minecraft:stone":115,"minecraft:player_head":7,"minecraft:orange_bed":1,"minecraft:soul_sand":3,"minecraft:soul_fire":1,"minecraft:crafting_table":14,"minecraft:short_grass":33,"minecraft:nether_quartz_ore":4,"minecraft:cobblestone":3,"minecraft:tall_grass":13,"minecraft:deepslate_gold_ore":74,"minecraft:lapis_ore":7,"minecraft:sugar_cane":2,"minecraft:diorite":4,"minecraft:birch_planks":3,"minecraft:birch_log":42,"minecraft:spruce_log":13,"minecraft:birch_leaves":3,"minecraft:orange_tulip":1,"minecraft:oak_log":9,"minecraft:coal_ore":13,"minecraft:sand":1,"minecraft:gravel":3,"minecraft:dirt":16,"minecraft:netherrack":175,"minecraft:gold_ore":7,"minecraft:oak_leaves":5,"minecraft:deepslate":132},"minecraft:picked_up":{"minecraft:crafting_table":14,"minecraft:wheat":7,"minecraft:nether_brick_fence":2,"minecraft:wooden_pickaxe":1,"minecraft:gold_block":3,"minecraft:golden_shovel":1,"minecraft:golden_sword":1,"minecraft:string":4,"minecraft:diamond_leggings":1,"minecraft:cobbled_deepslate":109,"minecraft:bucket":1,"minecraft:spruce_planks":2,"minecraft:beef":65,"minecraft:light_gray_wool":2,"minecraft:sugar_cane":6,"minecraft:furnace":2,"minecraft:golden_helmet":1,"minecraft:raw_iron":41,"minecraft:stick":3,"minecraft:porkchop":30,"minecraft:diorite":4,"minecraft:orange_bed":1,"minecraft:arrow":32,"minecraft:rotten_flesh":20,"minecraft:nether_bricks":4,"minecraft:hay_block":142,"minecraft:iron_block":2,"minecraft:pink_tulip":2,"minecraft:gold_ingot":4,"minecraft:blaze_rod":12,"minecraft:obsidian":2,"minecraft:mutton":18,"minecraft:cobblestone":121,"minecraft:white_wool":13,"minecraft:birch_log":43,"minecraft:leather_chestplate":2,"minecraft:water_bucket":1,"minecraft:andesite":21,"minecraft:leather":62,"minecraft:potato":1,"minecraft:birch_planks":3,"minecraft:flint":1,"minecraft:tuff":1,"minecraft:oak_log":10,"minecraft:lapis_lazuli":158,"minecraft:dirt":41,"minecraft:leather_boots":1,"minecraft:bone":20,"minecraft:kelp":13,"minecraft:bow":3,"minecraft:orange_tulip":1,"minecraft:wheat_seeds":23,"minecraft:iron_ingot":40,"minecraft:raw_gold":86,"minecraft:stone_pickaxe":1,"minecraft:quartz":5,"minecraft:gravel":2,"minecraft:sand":1,"minecraft:spruce_log":14,"minecraft:spider_eye":2,"minecraft:slime_ball":14,"minecraft:diamond":71,"minecraft:granite":8,"minecraft:netherrack":189,"minecraft:coal":13,"minecraft:ender_pearl":1,"minecraft:diamond_pickaxe":2},"minecraft:broken":{"minecraft:leather_helmet":1,"minecraft:golden_hoe":1,"minecraft:wooden_pickaxe":1,"minecraft:stone_axe":1},"minecraft:dropped":{"minecraft:iron_ingot":5,"minecraft:bread":32,"minecraft:iron_sword":1,"minecraft:wheat_seeds":23,"minecraft:diamond_leggings":2,"minecraft:stick":6,"minecraft:flint":4,"minecraft:emerald":1,"minecraft:dirt":1,"minecraft:diorite":2,"minecraft:diamond_helmet":1,"minecraft:fire_charge":1,"minecraft:string":2,"minecraft:white_wool":1,"minecraft:pink_tulip":1,"minecraft:kelp":13,"minecraft:sugar_cane":6,"minecraft:cobbled_deepslate":35,"minecraft:rotten_flesh":19,"minecraft:light_gray_wool":2,"minecraft:oak_planks":6,"minecraft:nether_brick_fence":2,"minecraft:golden_shovel":3,"minecraft:diamond_sword":1,"minecraft:leather_chestplate":2,"minecraft:hay_block":79,"minecraft:diamond_chestplate":1,"minecraft:diamond_pickaxe":1,"minecraft:leather_boots":1,"minecraft:golden_sword":1,"minecraft:spider_eye":2,"minecraft:diamond_boots":1,"minecraft:bow":2,"minecraft:arrow":3,"minecraft:stone_pickaxe":3,"minecraft:wooden_pickaxe":3,"minecraft:quartz":5,"minecraft:netherrack":10},"minecraft:used":{"minecraft:flint_and_steel":1,"minecraft:spruce_planks":17,"minecraft:iron_sword":166,"minecraft:rotten_flesh":5,"minecraft:netherrack":157,"minecraft:orange_bed":1,"minecraft:torch":7,"minecraft:dirt":40,"minecraft:mutton":3,"minecraft:golden_shovel":28,"minecraft:tuff":1,"minecraft:obsidian":2,"minecraft:spruce_boat":2,"minecraft:lava_bucket":27,"minecraft:beef":6,"minecraft:furnace":2,"minecraft:cooked_beef":15,"minecraft:potato":1,"minecraft:cobbled_deepslate":67,"minecraft:water_bucket":51,"minecraft:birch_planks":90,"minecraft:stone_pickaxe":235,"minecraft:oak_planks":3,"minecraft:wooden_pickaxe":59,"minecraft:diamond_axe":161,"minecraft:golden_hoe":34,"minecraft:sand":1,"minecraft:crafting_table":25,"minecraft:white_bed":1,"minecraft:diamond_pickaxe":254,"minecraft:bread":86,"minecraft:iron_pickaxe":280,"minecraft:leather_helmet":3,"minecraft:gravel":1,"minecraft:golden_helmet":3,"minecraft:stone_axe":92,"minecraft:diamond_sword":34,"minecraft:cobblestone":49,"minecraft:porkchop":9,"minecraft:andesite":13,"minecraft:bucket":78},"minecraft:killed_by":{"minecraft:player":1,"minecraft:skeleton":2,"minecraft:blaze":1,"minecraft:zombie":2},"minecraft:crafted":{"minecraft:oak_planks":40,"minecraft:furnace":2,"minecraft:diamond_helmet":2,"minecraft:diamond_leggings":2,"minecraft:stone_pickaxe":4,"minecraft:diamond_boots":2,"minecraft:spruce_boat":2,"minecraft:wheat":416,"minecraft:cooked_beef":15,"minecraft:diamond_sword":2,"minecraft:diamond_axe":1,"minecraft:crafting_table":14,"minecraft:spruce_planks":56,"minecraft:wooden_pickaxe":6,"minecraft:iron_sword":1,"minecraft:bucket":1,"minecraft:birch_planks":172,"minecraft:stone_axe":1,"minecraft:bread":117,"minecraft:air":0,"minecraft:wooden_hoe":1,"minecraft:diamond_pickaxe":2,"minecraft:stick":48,"minecraft:iron_ingot":12,"minecraft:iron_pickaxe":2,"minecraft:white_bed":1,"minecraft:torch":8,"minecraft:golden_hoe":1,"minecraft:diamond_chestplate":2},"minecraft:killed":{"minecraft:armadillo":1,"minecraft:witch":1,"minecraft:spider":11,"minecraft:slime":9,"minecraft:skeleton":31,"minecraft:chicken":1,"minecraft:piglin":4,"minecraft:pig":13,"minecraft:zombie_villager":1,"minecraft:creeper":4,"minecraft:sheep":13,"minecraft:zombie":35,"minecraft:ghast":2,"minecraft:wither_skeleton":5,"minecraft:blaze":12,"minecraft:cow":31},"minecraft:custom":{"minecraft:mob_kills":177,"minecraft:interact_with_crafting_table":44,"minecraft:leave_game":5,"minecraft:time_since_death":16340,"minecraft:climb_one_cm":206,"minecraft:sprint_one_cm":947337,"minecraft:walk_one_cm":433446,"minecraft:drop":58,"minecraft:play_time":251254,"minecraft:deaths":15,"minecraft:sneak_time":25114,"minecraft:walk_under_water_one_cm":28197,"minecraft:boat_one_cm":74037,"minecraft:jump":7824,"minecraft:walk_on_water_one_cm":115874,"minecraft:total_world_time":251254,"minecraft:interact_with_furnace":7,"minecraft:time_since_rest":16389,"minecraft:damage_taken":10165,"minecraft:damage_dealt":28928,"minecraft:swim_one_cm":152603,"minecraft:fly_one_cm":1582062,"minecraft:open_chest":12,"minecraft:crouch_one_cm":82885,"minecraft:fall_one_cm":242965,"minecraft:horse_one_cm":3317}},"DataVersion":3839}