{"stats":{"minecraft:mined":{"minecraft:short_grass":4,"minecraft:birch_planks":1,"minecraft:grass_block":3,"minecraft:dirt":3,"minecraft:birch_log":19,"minecraft:birch_leaves":2,"minecraft:crafting_table":3},"minecraft:picked_up":{"minecraft:birch_log":17,"minecraft:crafting_table":3,"minecraft:bone":3,"minecraft:arrow":4,"minecraft:bow":1,"minecraft:wheat_seeds":1,"minecraft:birch_planks":1,"minecraft:dirt":6},"minecraft:dropped":{"minecraft:wheat_seeds":1},"minecraft:used":{"minecraft:wooden_axe":17,"minecraft:dirt":6,"minecraft:crafting_table":1,"minecraft:birch_planks":1},"minecraft:killed_by":{"minecraft:zombie_villager":1,"minecraft:zombie":1,"minecraft:enderman":1},"minecraft:crafted":{"minecraft:birch_planks":68,"minecraft:stick":4,"minecraft:wooden_axe":1},"minecraft:killed":{"minecraft:skeleton":2},"minecraft:custom":{"minecraft:time_since_rest":1548,"minecraft:damage_taken":745,"minecraft:sprint_one_cm":58361,"minecraft:crouch_one_cm":981,"minecraft:play_time":25127,"minecraft:walk_one_cm":47068,"minecraft:deaths":3,"minecraft:sneak_time":376,"minecraft:walk_under_water_one_cm":4775,"minecraft:mob_kills":2,"minecraft:drop":1,"minecraft:jump":268,"minecraft:damage_dealt":160,"minecraft:leave_game":4,"minecraft:time_since_death":1515,"minecraft:walk_on_water_one_cm":6717,"minecraft:total_world_time":25127,"minecraft:interact_with_crafting_table":1,"minecraft:swim_one_cm":16831,"minecraft:fall_one_cm":4568,"minecraft:fly_one_cm":46440}},"DataVersion":3839}