{"stats":{"minecraft:mined":{"minecraft:nether_gold_ore":61,"minecraft:spruce_planks":1,"minecraft:tuff":4,"minecraft:white_bed":14,"minecraft:deepslate_diamond_ore":63,"minecraft:obsidian":1,"minecraft:nether_bricks":3,"minecraft:granite":1,"minecraft:crimson_roots":1,"minecraft:spruce_leaves":1,"minecraft:nether_wart":26,"minecraft:spawner":8,"minecraft:large_fern":1,"minecraft:hay_block":7,"minecraft:weeping_vines_plant":1,"minecraft:sculk_catalyst":2,"minecraft:furnace":7,"minecraft:iron_ore":61,"minecraft:fire":37,"minecraft:andesite":2,"minecraft:stripped_spruce_log":1,"minecraft:deepslate_lapis_ore":12,"minecraft:enchanting_table":1,"minecraft:sculk_shrieker":2,"minecraft:bookshelf":13,"minecraft:pointed_dripstone":1,"minecraft:deepslate_iron_ore":76,"minecraft:packed_ice":692,"minecraft:stone":70,"minecraft:player_head":8,"minecraft:white_wool":20,"minecraft:smithing_table":2,"minecraft:deepslate_redstone_ore":4,"minecraft:red_bed":1,"minecraft:soul_sand":60,"minecraft:kelp_plant":1,"minecraft:smoker":2,"minecraft:crafting_table":7,"minecraft:short_grass":13,"minecraft:blast_furnace":3,"minecraft:sculk_sensor":6,"minecraft:cobblestone":18,"minecraft:nether_quartz_ore":27,"minecraft:tall_grass":13,"minecraft:deepslate_coal_ore":2,"minecraft:deepslate_gold_ore":73,"minecraft:lapis_ore":6,"minecraft:sugar_cane":58,"minecraft:sculk":1,"minecraft:blue_bed":1,"minecraft:birch_planks":14,"minecraft:birch_log":110,"minecraft:spruce_log":4,"minecraft:birch_leaves":4,"minecraft:yellow_bed":6,"minecraft:coal_ore":4,"minecraft:sand":496,"minecraft:gravel":4,"minecraft:dirt":3,"minecraft:cobweb":143,"minecraft:netherrack":1086,"minecraft:ancient_debris":13,"minecraft:gold_ore":7,"minecraft:deepslate":75},"minecraft:broken":{"minecraft:stone_sword":1,"minecraft:iron_boots":1,"minecraft:iron_chestplate":1,"minecraft:iron_leggings":1,"minecraft:wooden_pickaxe":1,"minecraft:diamond_pickaxe":1,"minecraft:iron_axe":1,"minecraft:stone_axe":2,"minecraft:iron_sword":1,"minecraft:iron_pickaxe":2,"minecraft:iron_helmet":1,"minecraft:wooden_axe":1,"minecraft:bow":1},"minecraft:picked_up":{"minecraft:wooden_axe":1,"minecraft:crafting_table":6,"minecraft:nether_brick_fence":3,"minecraft:chicken":1,"minecraft:nether_wart":60,"minecraft:smithing_table":2,"minecraft:gold_block":7,"minecraft:string":66,"minecraft:red_bed":1,"minecraft:iron_axe":1,"minecraft:blackstone":6,"minecraft:gold_nugget":237,"minecraft:cobbled_deepslate":77,"minecraft:bucket":1,"minecraft:spruce_planks":1,"minecraft:beef":121,"minecraft:iron_pickaxe":64,"minecraft:light_gray_wool":11,"minecraft:sugar_cane":120,"minecraft:furnace":4,"minecraft:raw_iron":151,"minecraft:porkchop":107,"minecraft:pointed_dripstone":2,"minecraft:carrot":1,"minecraft:redstone":19,"minecraft:brown_dye":1,"minecraft:stone_sword":1,"minecraft:arrow":76,"minecraft:rotten_flesh":110,"minecraft:nether_bricks":6,"minecraft:hay_block":7,"minecraft:iron_block":16,"minecraft:gold_ingot":22,"minecraft:blaze_rod":9,"minecraft:mutton":135,"minecraft:obsidian":1,"minecraft:cobblestone":87,"minecraft:white_wool":134,"minecraft:birch_log":123,"minecraft:enchanting_table":1,"minecraft:feather":1,"minecraft:glow_ink_sac":4,"minecraft:brown_wool":4,"minecraft:leather":61,"minecraft:acacia_wood":64,"minecraft:smoker":1,"minecraft:birch_planks":14,"minecraft:flint":2,"minecraft:tuff":4,"minecraft:oak_log":3,"minecraft:ancient_debris":11,"minecraft:yellow_bed":6,"minecraft:gunpowder":12,"minecraft:blue_bed":1,"minecraft:lapis_lazuli":121,"minecraft:dirt":6,"minecraft:white_banner":1,"minecraft:bone":76,"minecraft:kelp":5,"minecraft:bow":11,"minecraft:wheat_seeds":3,"minecraft:raw_gold":84,"minecraft:iron_ingot":156,"minecraft:stone_pickaxe":1,"minecraft:cobweb":143,"minecraft:soul_sand":66,"minecraft:book":39,"minecraft:cooked_porkchop":4,"minecraft:birch_boat":14,"minecraft:quartz":33,"minecraft:sand":539,"minecraft:gravel":4,"minecraft:stripped_spruce_log":1,"minecraft:blast_furnace":3,"minecraft:spruce_log":4,"minecraft:white_bed":14,"minecraft:grass_block":1,"minecraft:acacia_stairs":64,"minecraft:spider_eye":32,"minecraft:slime_ball":12,"minecraft:diamond":73,"minecraft:stone_axe":1,"minecraft:granite":1,"minecraft:netherrack":1418,"minecraft:black_wool":4,"minecraft:coal":6,"minecraft:crimson_roots":1,"minecraft:ender_pearl":2},"minecraft:dropped":{"minecraft:acacia_wood":64,"minecraft:stripped_spruce_log":1,"minecraft:birch_planks":1,"minecraft:wheat_seeds":2,"minecraft:oak_log":3,"minecraft:glow_ink_sac":4,"minecraft:diamond":1,"minecraft:feather":1,"minecraft:cobblestone":9,"minecraft:granite":1,"minecraft:grass_block":1,"minecraft:coal":5,"minecraft:dirt":3,"minecraft:crimson_roots":1,"minecraft:wooden_axe":1,"minecraft:brown_wool":3,"minecraft:iron_axe":1,"minecraft:iron_pickaxe":128,"minecraft:smooth_stone":2,"minecraft:string":1,"minecraft:birch_log":42,"minecraft:white_wool":2,"minecraft:gravel":3,"minecraft:furnace":1,"minecraft:kelp":5,"minecraft:blackstone":6,"minecraft:brown_dye":1,"minecraft:sugar_cane":1,"minecraft:obsidian":1,"minecraft:stone_sword":1,"minecraft:cobbled_deepslate":14,"minecraft:tuff":4,"minecraft:raw_iron":6,"minecraft:rotten_flesh":114,"minecraft:light_gray_wool":1,"minecraft:nether_brick_fence":1,"minecraft:acacia_stairs":128,"minecraft:cooked_mutton":2,"minecraft:nether_bricks":7,"minecraft:flint_and_steel":1,"minecraft:spider_eye":13,"minecraft:spruce_log":4,"minecraft:bow":3,"minecraft:beef":3,"minecraft:stone_pickaxe":2,"minecraft:quartz":1,"minecraft:netherrack":1037,"minecraft:black_wool":2},"minecraft:used":{"minecraft:enchanting_table":1,"minecraft:stone_sword":131,"minecraft:flint_and_steel":5,"minecraft:spruce_planks":60,"minecraft:chest":6,"minecraft:iron_sword":279,"minecraft:netherrack":398,"minecraft:dirt":3,"minecraft:nether_bricks":11,"minecraft:tuff":4,"minecraft:obsidian":31,"minecraft:wooden_axe":30,"minecraft:lava_bucket":23,"minecraft:bookshelf":2,"minecraft:iron_axe":134,"minecraft:deepslate_diamond_ore":6,"minecraft:light_gray_wool":1,"minecraft:golden_sword":7,"minecraft:bow":21,"minecraft:furnace":6,"minecraft:cobbled_deepslate":18,"minecraft:cooked_beef":50,"minecraft:pointed_dripstone":2,"minecraft:cooked_mutton":11,"minecraft:water_bucket":76,"minecraft:birch_planks":147,"minecraft:stone_pickaxe":33,"minecraft:wooden_pickaxe":59,"minecraft:ender_pearl":2,"minecraft:birch_boat":16,"minecraft:diamond_axe":654,"minecraft:white_wool":2,"minecraft:crafting_table":18,"minecraft:blast_furnace":4,"minecraft:white_bed":30,"minecraft:shears":143,"minecraft:smoker":3,"minecraft:diamond_pickaxe":1733,"minecraft:black_wool":2,"minecraft:diamond_shovel":543,"minecraft:bread":46,"minecraft:brown_wool":1,"minecraft:iron_pickaxe":501,"minecraft:deepslate":16,"minecraft:gravel":1,"minecraft:stone_axe":185,"minecraft:cobblestone":49,"minecraft:white_banner":1,"minecraft:cooked_porkchop":70,"minecraft:smithing_table":2,"minecraft:bucket":110,"minecraft:birch_log":7,"minecraft:yellow_bed":6},"minecraft:killed_by":{"minecraft:hoglin":1},"minecraft:crafted":{"minecraft:smooth_stone":5,"minecraft:birch_wood":3,"minecraft:birch_boat":3,"minecraft:furnace":6,"minecraft:blast_furnace":1,"minecraft:stone":5,"minecraft:diamond_shovel":1,"minecraft:bookshelf":2,"minecraft:cooked_mutton":22,"minecraft:diamond_block":2,"minecraft:flint_and_steel":1,"minecraft:bow":6,"minecraft:iron_boots":1,"minecraft:iron_axe":2,"minecraft:stone_pickaxe":1,"minecraft:chest":7,"minecraft:wheat":63,"minecraft:smoker":2,"minecraft:cooked_beef":50,"minecraft:spruce_planks":64,"minecraft:cooked_porkchop":85,"minecraft:diamond_axe":1,"minecraft:crafting_table":12,"minecraft:enchanting_table":1,"minecraft:wooden_pickaxe":1,"minecraft:iron_helmet":1,"minecraft:brown_dye":1,"minecraft:iron_sword":1,"minecraft:smithing_table":1,"minecraft:birch_planks":260,"minecraft:bucket":4,"minecraft:stone_axe":1,"minecraft:bread":21,"minecraft:air":0,"minecraft:book":8,"minecraft:iron_chestplate":1,"minecraft:paper":24,"minecraft:diamond_pickaxe":1,"minecraft:stick":24,"minecraft:iron_ingot":91,"minecraft:iron_pickaxe":1,"minecraft:wooden_axe":1,"minecraft:stone_sword":1,"minecraft:gold_ingot":30,"minecraft:iron_leggings":1,"minecraft:white_bed":17,"minecraft:acacia_planks":32,"minecraft:shears":2},"minecraft:killed":{"minecraft:cave_spider":14,"minecraft:witch":2,"minecraft:spider":43,"minecraft:slime":14,"minecraft:skeleton":83,"minecraft:horse":1,"minecraft:chicken":1,"minecraft:drowned":1,"minecraft:piglin":3,"minecraft:pig":52,"minecraft:zombie_villager":1,"minecraft:bat":1,"minecraft:hoglin":3,"minecraft:creeper":15,"minecraft:sheep":85,"minecraft:pillager":24,"minecraft:zombie":107,"minecraft:wither_skeleton":4,"minecraft:blaze":19,"minecraft:enderman":9,"minecraft:cow":58},"minecraft:custom":{"minecraft:interact_with_smithing_table":4,"minecraft:mob_kills":570,"minecraft:animals_bred":4,"minecraft:interact_with_crafting_table":58,"minecraft:open_barrel":3,"minecraft:bell_ring":25,"minecraft:leave_game":6,"minecraft:time_since_death":35263,"minecraft:climb_one_cm":234,"minecraft:sprint_one_cm":1610621,"minecraft:walk_one_cm":583805,"minecraft:drop":129,"minecraft:talked_to_villager":2,"minecraft:play_time":484263,"minecraft:deaths":9,"minecraft:sneak_time":16769,"minecraft:walk_under_water_one_cm":37640,"minecraft:boat_one_cm":176659,"minecraft:jump":11012,"minecraft:interact_with_blast_furnace":15,"minecraft:walk_on_water_one_cm":78118,"minecraft:total_world_time":484263,"minecraft:interact_with_furnace":57,"minecraft:interact_with_cartography_table":1,"minecraft:raid_trigger":1,"minecraft:sleep_in_bed":3,"minecraft:time_since_rest":35295,"minecraft:damage_taken":27304,"minecraft:damage_dealt":86991,"minecraft:player_kills":1,"minecraft:swim_one_cm":139365,"minecraft:fly_one_cm":3430818,"minecraft:open_chest":66,"minecraft:crouch_one_cm":42169,"minecraft:interact_with_smoker":26,"minecraft:fall_one_cm":294956}},"DataVersion":3839}