{"stats":{"minecraft:dropped":{"minecraft:wheat_seeds":1,"minecraft:oak_log":3,"minecraft:glow_ink_sac":1,"minecraft:diamond":1,"minecraft:feather":1,"minecraft:cobblestone":1,"minecraft:granite":1,"minecraft:grass_block":1,"minecraft:wooden_axe":1,"minecraft:crimson_roots":1,"minecraft:brown_wool":3,"minecraft:iron_axe":1,"minecraft:smooth_stone":2,"minecraft:white_wool":2,"minecraft:gravel":3,"minecraft:furnace":1,"minecraft:blackstone":6,"minecraft:sugar_cane":1,"minecraft:brown_dye":1,"minecraft:stone_sword":1,"minecraft:cobbled_deepslate":3,"minecraft:tuff":4,"minecraft:rotten_flesh":87,"minecraft:light_gray_wool":1,"minecraft:cooked_mutton":2,"minecraft:nether_bricks":7,"minecraft:spider_eye":8,"minecraft:bow":3,"minecraft:beef":3,"minecraft:stone_pickaxe":2,"minecraft:quartz":1,"minecraft:netherrack":886,"minecraft:black_wool":1},"minecraft:crafted":{"minecraft:smooth_stone":5,"minecraft:birch_boat":2,"minecraft:furnace":6,"minecraft:blast_furnace":1,"minecraft:stone":5,"minecraft:bookshelf":2,"minecraft:cooked_mutton":13,"minecraft:diamond_block":2,"minecraft:flint_and_steel":1,"minecraft:iron_boots":1,"minecraft:bow":5,"minecraft:iron_axe":2,"minecraft:stone_pickaxe":1,"minecraft:chest":1,"minecraft:smoker":2,"minecraft:cooked_beef":50,"minecraft:cooked_porkchop":15,"minecraft:diamond_axe":1,"minecraft:crafting_table":8,"minecraft:enchanting_table":1,"minecraft:wooden_pickaxe":1,"minecraft:iron_helmet":1,"minecraft:brown_dye":1,"minecraft:iron_sword":1,"minecraft:smithing_table":1,"minecraft:bucket":4,"minecraft:birch_planks":224,"minecraft:stone_axe":1,"minecraft:air":0,"minecraft:book":8,"minecraft:iron_chestplate":1,"minecraft:paper":24,"minecraft:diamond_pickaxe":1,"minecraft:stick":20,"minecraft:iron_ingot":91,"minecraft:iron_pickaxe":1,"minecraft:wooden_axe":1,"minecraft:stone_sword":1,"minecraft:gold_ingot":30,"minecraft:iron_leggings":1,"minecraft:white_bed":17,"minecraft:shears":1},"minecraft:killed_by":{"minecraft:hoglin":1},"minecraft:custom":{"minecraft:interact_with_smithing_table":2,"minecraft:mob_kills":357,"minecraft:interact_with_crafting_table":44,"minecraft:bell_ring":25,"minecraft:leave_game":5,"minecraft:time_since_death":4182,"minecraft:climb_one_cm":234,"minecraft:sprint_one_cm":940735,"minecraft:walk_one_cm":339226,"minecraft:drop":76,"minecraft:talked_to_villager":2,"minecraft:play_time":273126,"minecraft:deaths":6,"minecraft:sneak_time":9054,"minecraft:walk_under_water_one_cm":21389,"minecraft:boat_one_cm":1196,"minecraft:jump":6831,"minecraft:interact_with_blast_furnace":11,"minecraft:walk_on_water_one_cm":49946,"minecraft:total_world_time":273126,"minecraft:interact_with_furnace":56,"minecraft:raid_trigger":1,"minecraft:sleep_in_bed":3,"minecraft:time_since_rest":2085,"minecraft:damage_taken":18431,"minecraft:damage_dealt":60680,"minecraft:fly_one_cm":1814725,"minecraft:swim_one_cm":88384,"minecraft:open_chest":29,"minecraft:crouch_one_cm":22600,"minecraft:interact_with_smoker":15,"minecraft:fall_one_cm":183999},"minecraft:picked_up":{"minecraft:wooden_axe":1,"minecraft:crafting_table":5,"minecraft:chicken":1,"minecraft:nether_wart":20,"minecraft:smithing_table":1,"minecraft:string":40,"minecraft:iron_axe":1,"minecraft:blackstone":6,"minecraft:gold_nugget":198,"minecraft:cobbled_deepslate":48,"minecraft:bucket":1,"minecraft:beef":53,"minecraft:light_gray_wool":2,"minecraft:sugar_cane":25,"minecraft:furnace":4,"minecraft:raw_iron":126,"minecraft:porkchop":83,"minecraft:carrot":1,"minecraft:brown_dye":1,"minecraft:stone_sword":1,"minecraft:arrow":53,"minecraft:rotten_flesh":80,"minecraft:nether_bricks":6,"minecraft:hay_block":7,"minecraft:iron_block":6,"minecraft:gold_ingot":8,"minecraft:blaze_rod":1,"minecraft:obsidian":1,"minecraft:mutton":63,"minecraft:cobblestone":79,"minecraft:white_wool":55,"minecraft:birch_log":123,"minecraft:feather":1,"minecraft:glow_ink_sac":1,"minecraft:leather":27,"minecraft:brown_wool":4,"minecraft:birch_planks":14,"minecraft:flint":2,"minecraft:tuff":4,"minecraft:oak_log":3,"minecraft:ancient_debris":11,"minecraft:yellow_bed":6,"minecraft:gunpowder":7,"minecraft:lapis_lazuli":104,"minecraft:dirt":3,"minecraft:white_banner":1,"minecraft:bone":48,"minecraft:bow":10,"minecraft:wheat_seeds":2,"minecraft:iron_ingot":46,"minecraft:raw_gold":48,"minecraft:stone_pickaxe":1,"minecraft:cobweb":143,"minecraft:soul_sand":20,"minecraft:cooked_porkchop":4,"minecraft:birch_boat":6,"minecraft:quartz":33,"minecraft:gravel":4,"minecraft:blast_furnace":1,"minecraft:white_bed":12,"minecraft:grass_block":1,"minecraft:spider_eye":26,"minecraft:slime_ball":3,"minecraft:diamond":36,"minecraft:stone_axe":1,"minecraft:granite":1,"minecraft:black_wool":1,"minecraft:netherrack":1277,"minecraft:coal":3,"minecraft:crimson_roots":1,"minecraft:ender_pearl":1},"minecraft:killed":{"minecraft:cave_spider":14,"minecraft:witch":1,"minecraft:spider":28,"minecraft:slime":2,"minecraft:skeleton":61,"minecraft:horse":1,"minecraft:chicken":1,"minecraft:piglin":3,"minecraft:pig":38,"minecraft:bat":1,"minecraft:hoglin":3,"minecraft:creeper":9,"minecraft:sheep":37,"minecraft:pillager":24,"minecraft:zombie":89,"minecraft:wither_skeleton":4,"minecraft:blaze":3,"minecraft:enderman":6,"minecraft:cow":25},"minecraft:broken":{"minecraft:stone_sword":1,"minecraft:iron_boots":1,"minecraft:iron_chestplate":1,"minecraft:iron_leggings":1,"minecraft:wooden_pickaxe":1,"minecraft:iron_axe":1,"minecraft:stone_axe":2,"minecraft:iron_sword":1,"minecraft:iron_pickaxe":2,"minecraft:iron_helmet":1,"minecraft:wooden_axe":1,"minecraft:bow":1},"minecraft:used":{"minecraft:enchanting_table":1,"minecraft:stone_sword":131,"minecraft:flint_and_steel":2,"minecraft:iron_sword":279,"minecraft:netherrack":315,"minecraft:dirt":3,"minecraft:nether_bricks":11,"minecraft:wooden_axe":30,"minecraft:lava_bucket":11,"minecraft:bookshelf":2,"minecraft:iron_axe":134,"minecraft:light_gray_wool":1,"minecraft:golden_sword":7,"minecraft:bow":21,"minecraft:furnace":6,"minecraft:cooked_beef":27,"minecraft:cooked_mutton":11,"minecraft:water_bucket":64,"minecraft:birch_planks":147,"minecraft:stone_pickaxe":33,"minecraft:ender_pearl":1,"minecraft:birch_boat":7,"minecraft:wooden_pickaxe":59,"minecraft:diamond_axe":265,"minecraft:crafting_table":13,"minecraft:blast_furnace":2,"minecraft:white_bed":29,"minecraft:shears":143,"minecraft:smoker":2,"minecraft:diamond_pickaxe":822,"minecraft:bread":25,"minecraft:brown_wool":1,"minecraft:iron_pickaxe":495,"minecraft:gravel":1,"minecraft:stone_axe":185,"minecraft:cobblestone":49,"minecraft:white_banner":1,"minecraft:cooked_porkchop":19,"minecraft:smithing_table":1,"minecraft:birch_log":7,"minecraft:bucket":87,"minecraft:yellow_bed":6},"minecraft:mined":{"minecraft:nether_gold_ore":52,"minecraft:tuff":4,"minecraft:white_bed":12,"minecraft:deepslate_diamond_ore":33,"minecraft:obsidian":1,"minecraft:nether_bricks":3,"minecraft:granite":1,"minecraft:crimson_roots":1,"minecraft:nether_wart":20,"minecraft:spawner":6,"minecraft:hay_block":7,"minecraft:weeping_vines_plant":1,"minecraft:furnace":7,"minecraft:iron_ore":58,"minecraft:fire":34,"minecraft:andesite":2,"minecraft:deepslate_lapis_ore":9,"minecraft:deepslate_iron_ore":60,"minecraft:stone":64,"minecraft:white_wool":20,"minecraft:player_head":5,"minecraft:smithing_table":1,"minecraft:soul_sand":20,"minecraft:smoker":1,"minecraft:crafting_table":6,"minecraft:short_grass":10,"minecraft:blast_furnace":1,"minecraft:tall_grass":8,"minecraft:nether_quartz_ore":27,"minecraft:cobblestone":18,"minecraft:deepslate_coal_ore":2,"minecraft:deepslate_gold_ore":40,"minecraft:lapis_ore":6,"minecraft:sugar_cane":15,"minecraft:birch_planks":14,"minecraft:birch_log":110,"minecraft:birch_leaves":4,"minecraft:yellow_bed":6,"minecraft:coal_ore":1,"minecraft:gravel":4,"minecraft:dirt":2,"minecraft:cobweb":143,"minecraft:ancient_debris":13,"minecraft:netherrack":935,"minecraft:gold_ore":7,"minecraft:deepslate":47}},"DataVersion":3839}