{"stats":{"minecraft:mined":{"minecraft:spruce_planks":6,"minecraft:white_bed":15,"minecraft:obsidian":10,"minecraft:granite":1,"minecraft:nether_wart":26,"minecraft:spawner":13,"minecraft:weeping_vines_plant":1,"minecraft:sculk_catalyst":2,"minecraft:cobbled_deepslate":2,"minecraft:iron_ore":61,"minecraft:fire":37,"minecraft:deepslate_lapis_ore":12,"minecraft:enchanting_table":2,"minecraft:sculk_shrieker":2,"minecraft:pointed_dripstone":1,"minecraft:player_head":8,"minecraft:deepslate_redstone_ore":4,"minecraft:red_bed":1,"minecraft:kelp_plant":1,"minecraft:smoker":2,"minecraft:blast_furnace":3,"minecraft:chest":1,"minecraft:cobblestone":18,"minecraft:nether_quartz_ore":27,"minecraft:sugar_cane":58,"minecraft:birch_log":110,"minecraft:sand":496,"minecraft:dirt":3,"minecraft:netherrack":1086,"minecraft:ancient_debris":13,"minecraft:deepslate":142,"minecraft:nether_gold_ore":61,"minecraft:tuff":11,"minecraft:deepslate_diamond_ore":179,"minecraft:nether_bricks":3,"minecraft:crimson_roots":1,"minecraft:spruce_leaves":1,"minecraft:large_fern":1,"minecraft:hay_block":7,"minecraft:furnace":7,"minecraft:andesite":2,"minecraft:stripped_spruce_log":1,"minecraft:bookshelf":14,"minecraft:deepslate_iron_ore":79,"minecraft:packed_ice":1001,"minecraft:stone":70,"minecraft:white_wool":20,"minecraft:smithing_table":2,"minecraft:soul_sand":60,"minecraft:crafting_table":7,"minecraft:short_grass":13,"minecraft:sculk_sensor":6,"minecraft:tall_grass":13,"minecraft:deepslate_coal_ore":2,"minecraft:deepslate_gold_ore":101,"minecraft:lapis_ore":6,"minecraft:sculk":1,"minecraft:blue_bed":1,"minecraft:birch_planks":14,"minecraft:spruce_log":4,"minecraft:birch_leaves":4,"minecraft:yellow_bed":6,"minecraft:coal_ore":4,"minecraft:gravel":4,"minecraft:cobweb":247,"minecraft:gold_ore":7},"minecraft:broken":{"minecraft:iron_boots":1,"minecraft:iron_chestplate":1,"minecraft:iron_leggings":1,"minecraft:diamond_pickaxe":1,"minecraft:stone_axe":2,"minecraft:iron_sword":1,"minecraft:wooden_axe":1,"minecraft:bow":1,"minecraft:stone_sword":1,"minecraft:wooden_pickaxe":1,"minecraft:iron_axe":1,"minecraft:iron_pickaxe":2,"minecraft:iron_helmet":1},"minecraft:picked_up":{"minecraft:wooden_axe":1,"minecraft:nether_brick_fence":3,"minecraft:smithing_table":2,"minecraft:string":86,"minecraft:gold_nugget":237,"minecraft:cobbled_deepslate":151,"minecraft:bucket":1,"minecraft:spruce_planks":6,"minecraft:iron_pickaxe":64,"minecraft:furnace":4,"minecraft:porkchop":107,"minecraft:pointed_dripstone":2,"minecraft:stone_sword":1,"minecraft:rotten_flesh":136,"minecraft:iron_block":16,"minecraft:blaze_rod":9,"minecraft:obsidian":11,"minecraft:cobblestone":87,"minecraft:enchanting_table":2,"minecraft:birch_log":123,"minecraft:feather":1,"minecraft:brown_wool":4,"minecraft:smoker":1,"minecraft:flint":2,"minecraft:tuff":8,"minecraft:lapis_lazuli":121,"minecraft:dirt":6,"minecraft:bone":100,"minecraft:bow":13,"minecraft:wheat_seeds":3,"minecraft:raw_gold":116,"minecraft:cooked_porkchop":4,"minecraft:sand":539,"minecraft:stripped_spruce_log":1,"minecraft:grass_block":1,"minecraft:acacia_stairs":64,"minecraft:diamond":209,"minecraft:granite":1,"minecraft:netherrack":1418,"minecraft:crimson_roots":1,"minecraft:crafting_table":6,"minecraft:chicken":1,"minecraft:nether_wart":60,"minecraft:gold_block":7,"minecraft:red_bed":1,"minecraft:iron_axe":1,"minecraft:blackstone":6,"minecraft:beef":121,"minecraft:light_gray_wool":12,"minecraft:sugar_cane":120,"minecraft:chest":1,"minecraft:raw_iron":155,"minecraft:carrot":1,"minecraft:redstone":19,"minecraft:brown_dye":3,"minecraft:arrow":99,"minecraft:nether_bricks":6,"minecraft:hay_block":7,"minecraft:gold_ingot":22,"minecraft:mutton":136,"minecraft:white_wool":134,"minecraft:glow_ink_sac":4,"minecraft:leather":61,"minecraft:acacia_wood":64,"minecraft:birch_planks":14,"minecraft:oak_log":3,"minecraft:ancient_debris":11,"minecraft:yellow_bed":6,"minecraft:gunpowder":16,"minecraft:blue_bed":1,"minecraft:white_banner":1,"minecraft:kelp":5,"minecraft:iron_ingot":156,"minecraft:stone_pickaxe":1,"minecraft:cobweb":245,"minecraft:soul_sand":66,"minecraft:book":42,"minecraft:birch_boat":16,"minecraft:quartz":33,"minecraft:gravel":4,"minecraft:blast_furnace":3,"minecraft:white_bed":22,"minecraft:spruce_log":4,"minecraft:spider_eye":37,"minecraft:slime_ball":12,"minecraft:stone_axe":1,"minecraft:diamond_axe":1,"minecraft:black_wool":4,"minecraft:coal":6,"minecraft:ender_pearl":3},"minecraft:dropped":{"minecraft:acacia_wood":64,"minecraft:birch_planks":1,"minecraft:diamond_axe":1,"minecraft:oak_log":3,"minecraft:glow_ink_sac":4,"minecraft:diamond":1,"minecraft:dirt":3,"minecraft:crimson_roots":1,"minecraft:iron_pickaxe":128,"minecraft:birch_log":42,"minecraft:white_wool":2,"minecraft:gravel":3,"minecraft:blackstone":6,"minecraft:sugar_cane":1,"minecraft:cobbled_deepslate":27,"minecraft:wheat":1,"minecraft:obsidian":1,"minecraft:rotten_flesh":143,"minecraft:cooked_mutton":2,"minecraft:nether_brick_fence":3,"minecraft:white_bed":7,"minecraft:acacia_stairs":128,"minecraft:beef":3,"minecraft:quartz":1,"minecraft:netherrack":1037,"minecraft:stripped_spruce_log":1,"minecraft:wheat_seeds":2,"minecraft:feather":1,"minecraft:cobblestone":9,"minecraft:granite":1,"minecraft:grass_block":1,"minecraft:coal":5,"minecraft:stick":2,"minecraft:wooden_axe":1,"minecraft:brown_wool":3,"minecraft:iron_axe":1,"minecraft:smooth_stone":2,"minecraft:string":1,"minecraft:furnace":1,"minecraft:kelp":5,"minecraft:brown_dye":3,"minecraft:stone_sword":1,"minecraft:tuff":8,"minecraft:raw_iron":6,"minecraft:light_gray_wool":1,"minecraft:nether_bricks":7,"minecraft:flint_and_steel":1,"minecraft:spider_eye":16,"minecraft:spruce_log":4,"minecraft:bow":3,"minecraft:stone_pickaxe":2,"minecraft:black_wool":2},"minecraft:used":{"minecraft:chest":15,"minecraft:iron_sword":279,"minecraft:nether_bricks":11,"minecraft:tuff":4,"minecraft:obsidian":41,"minecraft:packed_ice":218,"minecraft:lava_bucket":26,"minecraft:deepslate_diamond_ore":6,"minecraft:golden_sword":7,"minecraft:bow":26,"minecraft:furnace":6,"minecraft:stone_pickaxe":33,"minecraft:ender_pearl":2,"minecraft:wooden_pickaxe":59,"minecraft:diamond_axe":806,"minecraft:white_wool":2,"minecraft:blast_furnace":4,"minecraft:shears":247,"minecraft:bread":54,"minecraft:brown_wool":1,"minecraft:deepslate":16,"minecraft:gravel":1,"minecraft:smithing_table":3,"minecraft:birch_log":7,"minecraft:enchanting_table":3,"minecraft:stone_sword":131,"minecraft:flint_and_steel":5,"minecraft:spruce_planks":198,"minecraft:netherrack":398,"minecraft:dirt":3,"minecraft:wooden_axe":30,"minecraft:bookshelf":18,"minecraft:iron_axe":134,"minecraft:light_gray_wool":1,"minecraft:cooked_beef":58,"minecraft:cobbled_deepslate":54,"minecraft:pointed_dripstone":2,"minecraft:cooked_mutton":20,"minecraft:water_bucket":84,"minecraft:birch_planks":147,"minecraft:birch_boat":19,"minecraft:crafting_table":18,"minecraft:white_bed":31,"minecraft:smoker":3,"minecraft:diamond_pickaxe":2275,"minecraft:black_wool":2,"minecraft:diamond_shovel":543,"minecraft:iron_pickaxe":501,"minecraft:stone_axe":185,"minecraft:cobblestone":49,"minecraft:white_banner":1,"minecraft:cooked_porkchop":89,"minecraft:bucket":123,"minecraft:yellow_bed":6},"minecraft:killed_by":{"minecraft:hoglin":1},"minecraft:crafted":{"minecraft:smooth_stone":5,"minecraft:birch_wood":3,"minecraft:birch_boat":3,"minecraft:stone":5,"minecraft:diamond_shovel":1,"minecraft:bookshelf":18,"minecraft:cooked_mutton":22,"minecraft:diamond_helmet":1,"minecraft:bow":6,"minecraft:diamond_leggings":1,"minecraft:iron_boots":1,"minecraft:chest":17,"minecraft:smoker":2,"minecraft:cooked_porkchop":85,"minecraft:diamond_axe":2,"minecraft:crafting_table":12,"minecraft:spruce_planks":212,"minecraft:wooden_pickaxe":1,"minecraft:iron_helmet":1,"minecraft:brown_dye":3,"minecraft:smithing_table":1,"minecraft:birch_planks":260,"minecraft:iron_chestplate":1,"minecraft:book":13,"minecraft:paper":117,"minecraft:diamond_pickaxe":3,"minecraft:stick":32,"minecraft:iron_ingot":91,"minecraft:iron_pickaxe":1,"minecraft:stone_sword":1,"minecraft:gold_ingot":155,"minecraft:shears":3,"minecraft:furnace":6,"minecraft:blast_furnace":1,"minecraft:diamond_block":6,"minecraft:flint_and_steel":1,"minecraft:iron_axe":2,"minecraft:stone_pickaxe":1,"minecraft:diamond_boots":1,"minecraft:wheat":63,"minecraft:cooked_beef":108,"minecraft:diamond_sword":1,"minecraft:enchanting_table":1,"minecraft:iron_sword":1,"minecraft:bucket":4,"minecraft:stone_axe":1,"minecraft:bread":24,"minecraft:air":0,"minecraft:golden_apple":17,"minecraft:wooden_axe":1,"minecraft:iron_leggings":1,"minecraft:white_bed":38,"minecraft:acacia_planks":256,"minecraft:diamond_chestplate":1},"minecraft:custom":{"minecraft:animals_bred":7,"minecraft:interact_with_crafting_table":83,"minecraft:open_barrel":3,"minecraft:bell_ring":25,"minecraft:leave_game":7,"minecraft:time_since_death":144241,"minecraft:sprint_one_cm":1812462,"minecraft:drop":152,"minecraft:talked_to_villager":2,"minecraft:play_time":593241,"minecraft:deaths":9,"minecraft:jump":12287,"minecraft:walk_on_water_one_cm":103043,"minecraft:enchant_item":6,"minecraft:interact_with_furnace":57,"minecraft:interact_with_cartography_table":1,"minecraft:sleep_in_bed":3,"minecraft:damage_dealt":99221,"minecraft:player_kills":1,"minecraft:crouch_one_cm":61138,"minecraft:interact_with_smoker":27,"minecraft:interact_with_smithing_table":4,"minecraft:mob_kills":644,"minecraft:climb_one_cm":234,"minecraft:walk_one_cm":691451,"minecraft:sneak_time":24144,"minecraft:walk_under_water_one_cm":70896,"minecraft:boat_one_cm":179406,"minecraft:interact_with_blast_furnace":17,"minecraft:total_world_time":593241,"minecraft:raid_trigger":1,"minecraft:time_since_rest":144273,"minecraft:damage_taken":31401,"minecraft:swim_one_cm":160601,"minecraft:fly_one_cm":4009562,"minecraft:open_chest":211,"minecraft:fall_one_cm":321366},"minecraft:killed":{"minecraft:cave_spider":26,"minecraft:witch":2,"minecraft:spider":49,"minecraft:skeleton":110,"minecraft:chicken":1,"minecraft:piglin":3,"minecraft:pig":52,"minecraft:zombie_villager":1,"minecraft:creeper":17,"minecraft:sheep":86,"minecraft:pillager":24,"minecraft:zombie":128,"minecraft:blaze":19,"minecraft:cow":58,"minecraft:slime":14,"minecraft:horse":1,"minecraft:drowned":1,"minecraft:bat":1,"minecraft:hoglin":3,"minecraft:wither_skeleton":4,"minecraft:enderman":11}},"DataVersion":3839}