{
  "uniqueId": "world,91,-53",
  "chunk": [
    91,
    -53,
    "world"
  ],
  "lastLoaded": 1716007711119,
  "lastUnloaded": 1716008023266,
  "plantLocs": [
    [
      1458,
      78,
      -847
    ],
    [
      1459,
      78,
      -845
    ],
    [
      1458,
      78,
      -844
    ],
    [
      1456,
      78,
      -843
    ],
    [
      1459,
      78,
      -844
    ],
    [
      1458,
      78,
      -840
    ],
    [
      1460,
      78,
      -842
    ],
    [
      1458,
      78,
      -841
    ],
    [
      1459,
      78,
      -839
    ],
    [
      1462,
      78,
      -842
    ],
    [
      1461,
      78,
      -842
    ],
    [
      1463,
      78,
      -841
    ],
    [
      1460,
      78,
      -836
    ],
    [
      1462,
      78,
      -838
    ]
  ]
}